id,id_clustering,name,description,n_documents,reduced_to_id_cluster,reduced_to_id_clustering
1,1,,"loď, plavec, plachta, přístav, koráb, člun, příď, paluba, stožár, stěžeň",1286,191,2
2,1,,"klas, klasa, stodola, žito, lán, koukol, zrno, chrpa, žeň, obilí",1265,195,2
3,1,,"kritik, kritika, psát, verš, autor, báseň, napsat, redaktor, čtenář, poeta",1216,179,2
4,1,,"jmeniny, vděčnost, novoroční, toba, blahopřání, požehnání, vděčný, blaženost, péče, přání",1159,194,2
5,1,,"podzimní, podzim, jeseň, vzpomínka, smutek, teskný, chlad, stesk, zapadlý, večer",1151,180,2
6,1,,"vánek, květný, snivý, kvítko, slast, ladný, něžný, slavík, vání, ňadro",1126,183,2
7,1,,"viditelný, mystický, magický, tisíciletí, vegetace, tajemství, tajemný, záření, jiskření, procitnutí",1102,170,2
8,1,,"slzička, srdéčko, děvčátko, hubička, růžička, panenka, srdíčko, hvězdička, sluníčko, měsíček",1065,169,2
9,1,,"polibek, políbení, touha, vzpomínka, smavý, snivý, růže, snění, štěstí, opojný",1036,176,2
10,1,,"růže, odkvést, poupě, růž, květ, opadat, kvést, odkvétat, uvadnout, kvítek",959,196,2
11,1,,"lkání, ston, ozvěna, kvílet, žalný, šum, lkát, táhlý, zvuk, sten",950,181,2
12,1,,"kyprý, linduška, boučí, vřes, luh, drozd, pyl, zpěvný, buk, horský",911,174,2
13,1,,"továrna, elektrický, pracující, dělník, zotročovat, kulomet, třída, třídní, proletář, civilizace",904,188,2
14,1,,"zev, kentaur, erebos, hélios, změť, titan, prométheus, olymp, cedr, eumenida",865,186,2
15,1,,"hmota, vesmír, bytí, věčno, prostor, kosmos, kosmický, soustava, atom, tvůrčí",862,184,2
16,1,,"poslanec, volič, mandát, parlament, politika, schůze, ministerstvo, ministr, politický, vídeň",843,189,2
17,1,,"prospět, bližní, ctnost, rozmnožit, rozum, ctnostný, zasluhovat, zastávat, chvála, šlechetný",841,197,2
18,1,,"slovanstvo, národ, prapor, dějiny, volnost, lidství, vítězný, heslo, bratrský, útisk",784,172,2
19,1,,"zpěvec, dalekost, jinoch, harfa, toužebnost, zavívat, provívat, vykvítat, oudolí, samotnost",780,173,2
20,1,,"pivo, sklenka, šenkýř, sud, hospoda, pít, nalít, víno, pití, sládek",771,171,2
21,1,,"mech, olše, bříza, sítí, kapradí, vřes, buk, ostružina, motýl, mlází",735,192,2
22,1,,"petrklíč, fialka, sněženka, jehněda, vesna, sasanka, poupě, jaro, sedmikrása, jarní",732,174,2
23,1,,"beznaděj, zapomnění, duma, eden, odříkání, tucha, snění, žití, resignace, skráň",723,176,2
24,1,,"mystický, stigma, archanděl, oltářní, zaslíbení, liliový, kalvárie, monstrance, golgota, žhoucí",720,187,2
25,1,,"věrec, nevěrec, katolík, národovec, štváč, bližní, kazit, odrodilec, liberál, církev",704,182,2
26,1,,"žhnoucí, příslib, pocel, žhnout, vášnivý, propastný, tichnoucí, opojný, nezmarný, ohnivý",700,170,2
27,1,,"podzimní, podzim, jeseň, listí, chlad, mlha, lada, večer, stmívat, teskný",695,198,2
28,1,,"huba, koukat, nos, notný, kuchařka, zastávat, kapsa, dělat, povídat, přísloví",693,177,2
29,1,,"teskný, snivý, duma, nápěv, tón, struna, zádumčivý, stesk, píseň, zapomněný",659,181,2
30,1,,"zikmund, michna, zúpět, kat, hanuš, nájezdník, legát, zikmundův, zlítit, sběř",623,172,2
31,1,,"parodovat, gesto, ironický, pathos, frivolní, cynismus, zhnusit, banální, ješitný, cynický",621,175,2
32,1,,"dante, úkoj, poezie, azur, hvězdný, edenský, taj, souzvuk, zářný, plát",591,185,2
33,1,,"barabáš, ukřižovat, kristus, pilát, golgota, ježíš, kalvárie, kříž, hřeb, ježíšův",590,187,2
34,1,,"tyran, násilník, mučitel, podlý, kasta, slina, lidskost, hladový, krutost, zločin",589,175,2
35,1,,"husův, kostnický, hus, mučedník, husitský, sion, národ, fénix, tmář, kristův",573,172,2
36,1,,"herec, jeviště, publikum, kulisa, komedie, autor, potlesk, divadlo, obecenstvo, scéna",559,175,2
37,1,,"nymfa, faun, syrinx, satyr, hélios, čilimník, kentaur, flétna, ceres, fauna",540,185,2
38,1,,"žlutý, vlhký, podzimní, listí, jednotvárný, mlha, kaštan, vlhko, moucha, soumrak",524,178,2
39,1,,"kryst, nábožnost, těžkost, ctnost, nepravost, zpravovat, pilnost, zvelebovat, ctnostný, žádost",517,182,2
40,1,,"vlak, silnice, topol, táhlý, hvizd, pruh, jednotvárný, alej, rýsovat, kolej",507,178,2
41,1,,"střet, onyx, éro, sol, nard, ká, léno, pól, mim, směnit",502,184,2
42,1,,"hajat, spinkat, nynat, hajinkat, peřinka, postýlka, andělíček, andílek, děťátko, očko",501,169,2
43,1,,"háj, toužebnost, slavíček, pinka, potůček, vlnka, větříček, slavík, zavívat, provívat",499,173,2
44,1,,"rybník, olše, rákosí, sosna, bříza, podrost, tráva, sítí, mech, vrba",497,178,2
45,1,,"hrobník, motyka, kopat, hrobař, jáma, rýč, rakev, vykopat, lopata, hlína",492,188,2
46,1,,"němec, čech, slovan, zastávat, dokázat, jazyk, hájit, vlach, vzdělanost, bojovat",490,177,2
47,1,,"bytí, věčno, bytost, hmota, dění, nekonečno, tvůrčí, podstata, závratný, prostor",486,184,2
48,1,,"hrdélko, ptáček, zpěváček, ptáče, křidélko, zpěvný, skřivánek, ptačí, slavíček, přiletět",475,174,2
49,1,,"matinka, tatínek, maminka, dceruška, hubička, srdéčko, rozmilý, dušinka, dívčinka, přitočit",469,169,2
50,1,,"dagmar, třáseň, zdoba, strang, třpyt, pestrý, skvoucí, lem, zor, mihotavý",452,172,2
51,1,,"slovač, slovenský, valaška, slovensko, kriváň, tatry, šuhaj, váh, koliba, slovák",448,174,2
52,1,,"rokoko, pudr, účes, dáma, rokokový, menuet, salón, pudrovaný, hedváb, galantní",443,185,2
53,1,,"maďar, polák, maďarský, polský, uherský, uhersko, uhry, srb, slovan, slovák",432,193,2
54,1,,"beznaděj, utýraný, vzpomínka, odříkání, zoufalství, smutek, zoufalý, uštvaný, utýrat, vzpomínat",429,180,2
55,1,,"vyšínský, orlovský, ludmila, marinos, jaroslav, dosoudit, liduška, vladimír, jež, každinký",422,173,2
56,1,,"závěj, sníh, sněhový, zimní, zasněžený, jíní, zmrzlý, mráz, zima, vločka",420,198,2
57,1,,"slavský, slávie, slovan, čech, sála, slovanský, europa, čechová, němec, balt",418,193,2
58,1,,"poupátko, růžička, květinka, srdéčko, kvítko, kvítek, růže, kvíteček, růž, hlavinka",414,169,2
59,1,,"ženstvo, podniknutí, pozůstávat, kasal, potýkání, zbor, dychtit, faust, bojovnice, vězet",411,182,2
60,1,,"subtilní, nostalgie, sněný, měsíčky, něha, blouznivý, věčno, vonící, bytí, důvěrný",408,184,2
61,1,,"vdát, mužský, ženská, ženich, vdávat, oženit, ženit, hezký, holka, ženský",404,177,2
62,1,,"huba, osel, nadávat, hloupost, dělat, chytrý, nadávka, tropit, prohloupit, díra",393,177,2
63,1,,"krovka, cvrček, tráva, vonět, motýl, moucha, brouk, vyhřátý, pampeliška, olše",386,178,2
64,1,,"škeble, korály, chaluha, vodní, korál, lastura, perleť, medúza, leknín, mořský",380,185,2
65,1,,"sonet, znělka, rým, rýma, petrarka, verš, báseň, sloka, laura, korzet",378,185,2
66,1,,"christus, bláha, páně, nebešťan, jakův, an, nebeský, slávie, seraf, svatyně",372,187,2
67,1,,"růžička, kytička, srdéčko, kytka, kvíteček, poupátko, kvítek, utrhnout, kvítko, děvčátko",369,169,2
68,1,,"perlík, kovadlina, kovář, kovárna, kladivo, železo, výheň, bušit, buš, kovat",365,188,2
69,1,,"čechie, vlast, otčina, čech, plémě, vlastenský, šlechetný, zvelebit, čechová, oslava",361,193,2
70,1,,"tragika, bídáctví, dívávat, bojácný, žurnalista, uplatnit, morálka, katastrofa, gesto, tragický",359,175,2
71,1,,"polka, klarinet, basa, smyčec, muzikant, muzika, housle, zahrát, nota, skočná",354,171,2
72,1,,"šachta, havíř, horník, kovkop, továrna, uhelný, štola, huť, kopat, dělnický",354,188,2
73,1,,"zdrávas, maria, orodovat, marja, panna, rodička, marie, klečet, marius, cherubín",352,187,2
74,1,,"sfinga, nil, ibis, samum, pyramida, karavana, poušť, oáza, velbloud, obelisk",348,186,2
75,1,,"vlaštovička, vlaštovka, ptáček, šveholit, ptáče, hnízdo, hnízdečko, odletět, pískle, zlatoušek",340,174,2
76,1,,"kolovrátek, nit, příst, přádlo, kužel, len, příze, vrčet, cívka, vřeteno",338,169,2
77,1,,"adjutant, ney, štáb, armáda, tornistra, bajonet, voják, bonaparte, napoleon, reduta",332,190,2
78,1,,"papež, heinrich, římský, gregor, řím, legato, církev, biskup, robert, friedrich",329,190,2
79,1,,"dosoudit, jež, edvard, slast, vyšínský, vzpor, marina, slastný, novum, cítěný",329,173,2
80,1,,"dopít, pohár, číše, pít, číš, doušek, víno, napít, pití, nalít",326,171,2
81,1,,"janeček, kačenka, hezký, panenka, srdéčko, děvčátko, husička, povídat, hubička, děvče",325,171,2
82,1,,"cid, maur, valencie, rodrigo, jimena, maurský, zamora, alfons, alfonso, sancho",320,190,2
83,1,,"pytlák, brok, mysliveček, hajný, sluka, myslivec, zajíček, srna, srnec, střelit",315,171,2
84,1,,"koníček, šavlička, vraník, koník, osedlaný, vraný, podkova, kůň, osedlat, ostruha",309,169,2
85,1,,"valčík, sál, karneval, čtverylka, parketa, piano, kamélie, tanec, bál, žofín",292,185,2
86,1,,"kukat, kukačka, žežulka, zakukat, žežhulka, drozd, buk, pěšinka, háječek, vřes",291,192,2
87,1,,"opat, mnich, refektář, klášterní, klášter, převor, monastýr, novic, bruno, cela",286,187,2
88,1,,"gallie, athena, hellen, caesar, peršan, barbar, římský, crassus, gall, tiberius",280,190,2
89,1,,"vánoční, vánoce, ježíšek, jesličky, stromek, jezulátko, dárek, jesle, štědrý, betlém",279,198,2
90,1,,"datel, drozd, sítí, olše, bříza, srpek, vřes, mlází, ptačí, kos",278,192,2
91,1,,"jesle, ježíšek, jesličky, betlém, jezulátko, vánoční, herodes, chlév, děťátko, dárek",277,198,2
92,1,,"babí, pavučina, vlákno, léto, jeseň, listí, pavouk, ocún, nitka, podzim",273,180,2
93,1,,"astra, jeseň, záhon, podzim, listí, zhořknout, podzimek, opadlý, podzimní, sledný",270,180,2
94,1,,"mateří, douška, skřivan, pěnkava, jitrocel, mez, chrpa, rmen, zvonek, vonět",267,174,2
95,1,,"edvard, dosoudit, vzpor, jež, vyšínský, zefýr, slast, výslovný, novum, slastný",266,173,2
96,1,,"rozkošnost, ukrutenství, šlechetnost, ouzkost, hanebnost, nevinnost, radování, lahodivý, blaženost, milostenka",264,182,2
97,1,,"gondola, laguna, signorina, benátky, kanál, benátský, loďka, mark, marek, člun",263,191,2
98,1,,"car, rus, ruský, voloďa, pravoslavný, carský, tolstoj, sibiř, rusko, moskva",259,190,2
99,1,,"přirození, ctnostný, nábožnost, ctnost, ctný, sprostnost, utěšený, požívat, vinšovat, tejrat",257,182,2
100,1,,"marina, marinos, vyšínský, dosoudit, jež, vzpor, marino, orlovský, vladimír, přerozkošný",253,173,2
101,1,,"bula, hala, ha, lomikar, dědek, máma, kozina, táta, baba, kouknout",245,171,2
102,1,,"snob, dřina, auto, žlab, děvka, zákeřný, přepych, špína, duchaplný, hnusný",244,188,2
103,1,,"turek, turčín, aga, balkán, hajduk, marko, junák, černohorec, ďaur, ďaurský",244,193,2
104,1,,"mleč, mlynář, mlýn, stárek, mlejnice, zanáška, mlít, mlynářka, stavidlo, krajánek",236,171,2
105,1,,"káča, kocour, utíkat, kočka, mňoukat, kotě, hup, rejdit, tlapa, kňučet",234,171,2
106,1,,"jablíčko, jablko, srdíčko, jabloňka, hubička, babička, sluníčko, oříšek, růžička, nadělit",233,169,2
107,1,,"ocún, jeseň, luka, podzim, podzimní, zalehlý, listí, vřes, krákot, pavučina",231,180,2
108,1,,"čapek, havlíček, dyk, neruda, tůma, malér, konkurence, paragraf, rozhořčení, redakce",229,189,2
109,1,,"svatoň, svatoňův, dušek, hofmann, bětuška, kovařík, pokojík, křemen, bohuslava, záleský",228,172,2
110,1,,"dědeček, babička, dědoušek, vnouček, babiččin, povídat, vnučka, dědek, tatík, hubička",228,169,2
111,1,,"cikán, cikánka, puszta, cikánský, magnát, pusta, cimbál, housle, podhola, jáchym",227,171,2
112,1,,"fara, farář, terinka, jemnostpán, farský, čáp, vikář, farářův, breviář, kuchařka",223,171,2
113,1,,"dudák, dudy, zadudat, dudat, švanda, měch, skočná, muzikant, chasa, zahrát",223,171,2
114,1,,"zbořený, zhaslý, spláchnout, vlnka, zřícenina, vrstva, rum, náhrobek, tlít, kostra",222,173,2
115,1,,"češka, čech, udatnost, vlastenský, čechová, vlast, líba, udatný, předčit, honosit",220,193,2
116,1,,"chumelit, závěj, sníh, vločka, rolnička, sněhový, saně, zimní, jíní, zasněžený",220,198,2
117,1,,"kocourek, kotě, pejsek, ořech, kožíšek, vrčet, šnek, zajíček, pes, kočka",219,171,2
118,1,,"švec, krejčí, bota, krejčík, ušít, andulička, ohánět, smůla, pětka, notný",215,171,2
119,1,,"veličenstvo, sir, fouché, francie, napoleon, paříž, bourbon, anglie, revoluce, císař",210,190,2
120,1,,"prstýnek, prsten, kamínek, perlička, snubní, věneček, ametyst, travička, tatínek, kroužek",209,169,2
121,1,,"epigram, psát, řádka, spis, napsat, kritika, psávat, kalamář, kaňka, kritik",209,179,2
122,1,,"honza, honzík, kabela, janek, vašek, máma, notný, buchta, bit, pec",209,171,2
123,1,,"vrtichvost, louže, sádlo, břicho, sláma, ostuda, lézt, mrcha, díra, čert",208,177,2
124,1,,"abbé, madame, historka, kord, salón, klípek, markýz, šminka, kanovník, hostitelka",207,185,2
125,1,,"úlek, jáhen, ragnar, úděs, úsluha, výtka, tuchnout, zátopa, rmut, opar",207,187,2
126,1,,"hostýn, moravan, morava, moravský, velehrad, slavský, moravěnka, svatopluk, tatra, tatar",205,193,2
127,1,,"mína, tokaj, bobkový, sála, tatra, toužebnost, mílek, milko, ňádro, muzo",205,193,2
128,1,,"tatra, dunaj, tokaj, visla, tatry, mína, dolina, upět, mílek, polknout",199,193,2
129,1,,"madonna, giulio, malovat, namalovat, florencie, andrea, fra, malíř, raffael, freska",199,190,2
130,1,,"šmok, praxe, bysta, odhlasovat, lump, policie, diktovat, vídeňský, zalhat, vysvědčení",195,189,2
131,1,,"brutus, catilina, caesar, senát, cicero, cassius, římský, řím, kato, caesarův",191,190,2
132,1,,"macků, marino, zubatá, marina, marinos, panímáma, macek, pantáta, jiří, namíchat",188,173,2
133,1,,"akiba, rabín, rabbi, izrael, ben, juda, jehova, synagoga, judita, mesiáš",187,186,2
134,1,,"rondó, sonet, znělka, arabeska, splítat, opozděný, kaskáda, sloka, měkounký, dívčí",187,185,2
135,1,,"klávesa, klavír, piano, tonus, akord, tón, pokojík, melodie, čaj, doznívat",186,185,2
136,1,,"vodník, vodníkův, vodní, rusalka, rybka, tůně, hastrman, lýčí, rákosí, vlnka",185,169,2
137,1,,"kozák, ukrajina, ataman, kozácký, síč, hetman, step, dněpr, dumka, stambul",184,193,2
138,1,,"vláďa, blaženka, géza, valda, závěta, přetřít, uzardít, toník, lubas, rtík",181,172,2
139,1,,"bidélko, klec, klícka, hrdélko, přilítnout, ptáček, ptáče, kanárek, drátek, zašveholit",179,174,2
140,1,,"velehrad, svatopluk, moravan, morava, slavský, metoda, slovanský, hostýn, svornost, svorný",172,193,2
141,1,,"danton, robespierre, marat, camilla, revoluce, konvent, arras, jean, fouché, patriot",172,190,2
142,1,,"milada, propadat, hmotný, nicotný, posupný, zastřený, přepadat, hromada, modř, životný",171,184,2
143,1,,"sylva, jiřina, řetízek, kukat, závaží, inkognito, omakat, ciferník, dvířka, kyvadlo",171,192,2
144,1,,"libuše, libušin, přemysl, libuš, vyšehrad, stolec, lumír, šemík, knížecí, vlasta",166,172,2
145,1,,"michl, vašek, vytnout, facka, honza, kamizola, čert, bití, troník, honzík",162,171,2
146,1,,"omar, kalif, fatima, mohamed, mekka, damašek, huriska, karavana, velbloud, turban",162,186,2
147,1,,"mojžíš, áron, egypťan, židy, faraon, izraelský, hebrej, egyptský, rabství, egypt",157,186,2
148,1,,"větit, záboj, zábojův, brunhilda, luděk, bech, frankfranko, útroby, harant, vanda",153,172,2
149,1,,"hladík, machar, román, čtenář, gentleman, dyk, redaktor, spisovatel, konkurence, pětka",152,179,2
150,1,,"archa, noemův, noe, potopa, holubice, arch, zaslíbení, úmluva, holoubek, olivový",149,186,2
151,1,,"cnost, zmilený, jež, vlast, národnost, musa, původ, slovanský, šlechetník, oslavit",147,182,2
152,1,,"kulíšek, zubík, ferina, brebera, žroutek, huba, milostpán, raneček, drápat, natropit",144,177,2
153,1,,"sedmihlásek, sněmovník, sněm, tribuna, spolek, ježek, slon, sněmovna, zvíře, učený",140,182,2
154,1,,"juan, don, juanův, trinidad, nina, diego, svěřovat, synovec, pavlína, kolonie",137,172,2
155,1,,"saul, david, samuel, jahve, izrael, goliáš, hospodinův, šalamoun, prorok, mojžíš",132,186,2
156,1,,"lucy, lucie, jiří, doktorka, teta, opozice, chvilka, střih, napadnout, berní",129,185,2
157,1,,"karafiát, povídačka, studit, pamflet, pohlednice, záhonek, patetický, pivoňka, fialinka, proslov",120,169,2
158,1,,"andělka, pentle, družička, mládenec, taneční, tanečník, výskot, svatebčan, promodrávat, palouk",120,171,2
159,1,,"antoš, hlohov, sklenář, staněk, mařenka, podhola, filomena, boženka, plot, tkadlec",120,195,2
160,1,,"prokop, sluj, prokopov, rarach, poustevník, zubr, polekaný, rozhlížet, jeskyně, gigantický",110,186,2
161,1,,"běla, tomek, tomík, vojtěch, odstavit, baruška, hošek, doktor, kojná, doktorův",110,174,2
162,1,,"irma, vítek, jelenka, milán, jež, zasnout, ptaní, loďka, leknín, lazur",104,192,2
163,1,,"dojmutý, brandan, karel, roland, olivier, zvolat, alda, bazin, garin, ganelon",102,172,2
164,1,,"ctirad, vlasta, vlastin, přemysl, děvín, bivoj, šárka, morana, vyšehrad, šárek",92,172,2
165,1,,"ilja, bojar, kyjev, step, volha, nasťa, vladimír, kalený, tatarský, ivan",85,193,2
166,1,,"záviš, dvořan, otakar, milota, žezlo, svojanov, králův, vladislav, dubá, jitka",82,172,2
167,1,,"váša, chlumský, jana, vraný, mlýn, sekerník, stárek, otčím, václav, vor",80,171,2
168,1,,"nebezpečenství, obdivování, ouzkost, krystův, křižovník, sladivý, nevina, rajmund, šálivý, zvětřený",64,182,2
169,2,,"srdéčko, panenka, hubička, očko, děvčátko, matinka, líčko, růžička, srdíčko, poupátko",3277,NULL,NULL
170,2,,"mystický, viditelný, tajemný, magický, tajemství, vášnivý, závrať, vegetace, agonie, kosmický",2769,NULL,NULL
171,2,,"pivo, hospoda, čert, muzika, huba, kmotr, koukat, notný, kapsa, holka",2732,NULL,NULL
172,2,,"husův, cizák, husitský, rab, zpupný, vrah, český, korouhev, prapor, národ",2657,NULL,NULL
173,2,,"toužebnost, jež, jinoch, milostný, dosoudit, zpěvec, háj, libý, vyšínský, lůno",2592,NULL,NULL
174,2,,"zpěvný, ptačí, skřivánek, vesna, luh, linduška, drozd, ptáče, zpěvánka, skřivan",2528,NULL,NULL
175,2,,"maska, gesto, morálka, tragika, kultura, cynismus, herec, cynický, směšný, pošklebek",2462,NULL,NULL
176,2,,"zapomnění, odříkání, žití, touha, vzpomínka, snění, sen, skanout, polibek, snivý",2371,NULL,NULL
177,2,,"huba, dělat, zubík, prohloupit, zastávat, nos, čert, notný, dostat, dokázat",2366,NULL,NULL
178,2,,"topol, rybník, zeleň, jednotvárný, vzduch, táhlý, vlhký, žlutý, olše, pruh",2333,NULL,NULL
179,2,,"kritik, kritika, verš, psát, báseň, napsat, autor, čtenář, papír, redaktor",2301,NULL,NULL
180,2,,"jeseň, podzim, podzimní, vzpomínka, smutek, chlad, listí, teskný, zapadlý, stesk",2245,NULL,NULL
181,2,,"teskný, tón, ozvěna, zvon, zádumčivý, stesk, ston, zvuk, ohlas, melodie",2235,NULL,NULL
182,2,,"ctnost, šlechetný, plodit, nábožnost, přirozenost, nepravost, ctný, zvelebovat, svodný, ourodný",2138,NULL,NULL
183,2,,"vánek, luzný, slast, ladný, něžný, vnada, snivý, květný, kvítko, poupě",2133,NULL,NULL
184,2,,"bytí, věčno, hmota, kosmos, tvůrčí, podstata, vesmír, bytost, nekonečno, poznání",2100,NULL,NULL
185,2,,"sonet, nymfa, poezie, sloka, faun, rým, satyr, rokoko, dívčí, park",2095,NULL,NULL
186,2,,"sfinga, samum, cedr, lotos, změť, zev, kentaur, zdeptat, eumenida, erebos",2092,NULL,NULL
187,2,,"kristus, ježíš, kristův, spasitel, golgota, kříž, páně, kalvárie, oltář, modlitba",2078,NULL,NULL
188,2,,"továrna, kladivo, dělník, rýč, šachta, železo, havíř, horník, stroj, kopat",2039,NULL,NULL
189,2,,"poslanec, politika, volič, parlament, mandát, schůze, politický, vídeň, ministr, ministerstvo",2006,NULL,NULL
190,2,,"císař, římský, francie, řím, papež, voják, paříž, adjutant, císařský, bourbon",1993,NULL,NULL
191,2,,"loď, plavec, člun, plachta, přístav, koráb, příď, plout, vlna, stožár",1979,NULL,NULL
192,2,,"mech, bříza, vřes, buk, olše, motýl, mlází, drozd, kapradí, sítí",1933,NULL,NULL
193,2,,"slovan, slovanský, maďar, čech, slavský, polák, moravan, slávie, tatry, polský",1915,NULL,NULL
194,2,,"jmeniny, vděčnost, toba, novoroční, blaženost, nábožnost, šlechetný, vděčný, požehnání, péče",1843,NULL,NULL
195,2,,"klas, klasa, stodola, žito, lán, zrno, koukol, chrpa, obilí, pole",1832,NULL,NULL
196,2,,"růže, poupě, růž, květ, kvést, uvadnout, odkvést, kvítek, fialka, jaro",1827,NULL,NULL
197,2,,"prospět, ctnost, rozum, bližní, živobytí, vada, zasluhovat, rozmnožit, prospěch, sprostý",1816,NULL,NULL
198,2,,"závěj, sníh, zimní, vánoční, zasněžený, zima, mráz, sněhový, jíní, vločka",1741,NULL,NULL
2001,3,,"viditelný, mystický, tajemný, tajemství, vegetace, tisíciletí, mlčení, magický, závrať, agonie",1658,2202,2
2002,3,,"jmeniny, přání, vděčnost, blažit, vděčný, požehnání, toba, hojnost, přát, vroucí",1416,2212,2
2003,3,,"národ, volnost, prapor, vítězství, český, vlast, svoboda, dějiny, heslo, bojovník",1359,2204,2
2004,3,,"podzim, jeseň, podzimní, vzpomínka, listí, teskný, smutek, zašlý, zapadlý, chlad",1353,2208,2
2005,3,,"loď, plachta, plavec, stožár, člun, přístav, koráb, paluba, plout, vrak",1318,2210,2
2006,3,,"politika, poslanec, parlament, ministr, politik, politický, vídeň, schůze, mandát, republika",1260,2205,2
2007,3,,"zářný, perla, opál, drahokam, duha, hvězdný, rubín, třpyt, rosný, hvězda",1128,2203,2
2008,3,,"ptačí, drozd, kyprý, luh, hnízdo, pyl, vřes, sněť, horský, přizdobit",1108,2219,2
2009,3,,"vzpomínka, odříkání, touha, mládí, sen, beznaděj, zapomnění, smutek, vzpomínat, teskný",1100,2209,2
2010,3,,"podzimní, vzduch, obzor, mlha, topol, žlutý, alej, ticho, pěšina, mha",1069,2214,2
2011,3,,"hmota, bytí, vývoj, poznání, vesmír, kosmos, věčno, podstata, bytost, záhada",1066,2206,2
2012,3,,"klas, klasa, lán, žeň, pluh, brázda, obilí, zrno, stodola, žnec",1027,2227,2
2013,3,,"chyba, těžkost, nepravost, kryst, moudrý, bližní, užívat, činit, ctnost, příklad",1011,2201,2
2014,3,,"růžička, kvítek, květinka, srdéčko, kvítko, kvítí, věneček, poupátko, růže, kytička",914,2226,2
2015,3,,"ježíš, kristus, kristův, golgota, kříž, spasitel, ježíšův, hostie, hřeb, páně",877,2221,2
2016,3,,"háj, slavíček, kvítko, kvítek, potůček, slavík, vlnka, pomněnka, větřík, ptáček",876,2217,2
2017,3,,"kritik, napsat, autor, psát, čtenář, verš, honorář, přečíst, literát, nakladatel",826,2207,2
2018,3,,"blahý, slast, milostný, vroucí, kvítko, vnada, blažený, libý, blaho, blažit",821,2211,2
2019,3,,"poupě, růž, růže, květ, vesna, polibek, jaro, zkvést, pel, zulíbat",806,2216,2
2020,3,,"seč, voj, bitva, chrabrý, meč, pluk, nepřítel, nepřátelský, vrah, zbraň",729,2220,2
2021,3,,"motýl, mech, buk, vřes, haluz, hloh, lesní, bříza, jahoda, olše",728,2223,2
2022,3,,"jho, potupný, výheň, hřeb, děsný, okov, blasfemie, svíjet, děs, železný",720,2222,2
2023,3,,"pivo, víno, mok, pít, sklenka, sklenice, pohár, sud, číše, vypít",715,2230,2
2024,3,,"leknín, vodní, hladina, tůně, rákosí, tůň, vodník, rusalka, sítí, rákos",710,2210,2
2025,3,,"tklivý, tón, teskný, zvuk, píseň, žalný, struna, vzdech, lkát, lkání",697,2218,2
2026,3,,"jaro, vzpomínka, mládí, květ, vesna, kvést, zkvétat, jarní, rozkvést, jeseň",681,2208,2
2027,3,,"dělat, chudák, koukat, nos, kapsa, huba, počkat, krk, vyndat, čert",676,2225,2
2028,3,,"závěj, sníh, sněhový, zimní, mráz, jíní, zima, saně, vločka, umrzlý",651,2229,2
2029,3,,"nevěrec, katolík, věrec, nevěra, bližní, národovec, blud, církev, kazit, odrodilec",644,2201,2
2030,3,,"čert, kapsa, huba, dělat, kousek, páter, koláč, omáčka, sedlák, vyndat",607,2213,2
2031,3,,"dalekost, zpěvec, jinoch, toužebnost, harfa, háj, provívat, zavívat, lůno, oudolí",566,2217,2
2032,3,,"petřín, ulice, nábřeží, hradčany, chodník, dlažba, svítilna, ulička, chodec, okno",552,2228,2
2033,3,,"valčík, sál, karneval, tančit, polka, parketa, tanec, čtverylka, bál, piano",550,2218,2
2034,3,,"žíznit, vyznít, trýznit, odříkání, poznání, marný, maska, cítění, soucit, unikat",541,2206,2
2035,3,,"francie, veličenstvo, napoleon, tuilerie, císař, revoluce, bourbon, paříž, rus, robespierre",538,2205,2
2036,3,,"zvon, varhany, zvuk, znít, hlahol, ston, zvonice, tón, žalm, chorál",532,2218,2
2037,3,,"christus, bláha, nebeský, páně, nebešťan, zemský, blahý, schrána, obor, an",529,2211,2
2038,3,,"jeviště, herec, publikum, opona, obecenstvo, komedie, divadlo, autor, divadelní, potlesk",510,2207,2
2039,3,,"poupě, růž, růže, květ, vypučet, vonný, zkvést, kytka, perla, fialka",489,2216,2
2040,3,,"dosoudit, jež, vzpor, edvard, vyšínský, slast, marinos, výslovný, marina, slastný",489,2211,2
2041,3,,"kryst, těžkost, nábožnost, ctnost, nepravost, žádost, tejrat, ctnostný, pomahat, zpravovat",487,2201,2
2042,3,,"hajat, spinkat, hajinkat, peřinka, andělíček, děťátko, andílek, postýlka, maminka, synáček",486,2215,2
2043,3,,"hanička, jeníček, hubička, růžička, hanna, panenka, srdéčko, srdíčko, děvčátko, janíček",476,2215,2
2044,3,,"hrobník, motyka, rakev, kopat, hrobař, hřbitov, rýč, rov, hlína, jáma",464,2222,2
2045,3,,"vlak, nádraží, kolejnice, kupé, stanice, kolej, rychlík, vagón, tunel, hvizd",461,2228,2
2046,3,,"jelen, lovec, paroh, laň, srna, pytlák, srnec, myslivec, lovčí, zvěř",455,2219,2
2047,3,,"střet, léno, um, onyx, sol, pól, mim, ká, nard, směnit",454,2206,2
2048,3,,"slovač, slovensko, slovenský, tatry, kriváň, valaška, šuhaj, koliba, slovák, váh",448,2220,2
2049,3,,"husa, slípka, husička, slepice, kuře, kohout, kurník, housátko, kachna, kuřátko",426,2213,2
2050,3,,"kocour, káča, kočka, mňoukat, kocourek, kotě, ocas, utíkat, utéci, čert",415,2213,2
2051,3,,"slavský, němec, velehrad, sála, řeč, mílek, německý, jev, slovan, okolek",413,2220,2
2052,3,,"zev, olymp, afrodita, zeus, olympus, prométheus, hélios, helios, kentaur, nymfa",408,2203,2
2053,3,,"římský, řím, papež, athena, caesar, cicero, císař, gregor, heinrich, papežův",405,2224,2
2054,3,,"chrpa, mák, klas, skřivan, jetel, srp, mez, cvrček, žito, koukol",384,2227,2
2055,3,,"monotónní, teskný, doznívat, jednotvárný, tón, znavený, ticho, stesk, zádumčivý, stmívat",382,2218,2
2056,3,,"babí, vlákno, pavučina, pavouk, nit, nitka, léto, opříst, jeseň, opřádat",377,2208,2
2057,3,,"šachta, havíř, horník, kovkop, uhelný, továrna, uhlí, štola, zemník, dělnický",365,2222,2
2058,3,,"maria, zdrávas, marie, ježíš, josef, nazaret, panna, nebeský, zbožný, matek",350,2221,2
2059,3,,"epigram, verš, rým, čítat, polemika, kritik, havlíček, kritika, nos, rýma",346,2207,2
2060,3,,"vánoční, stromek, vánoce, stromeček, ježíšek, dárek, jesličky, štědrý, jezulátko, betlém",343,2229,2
2061,3,,"sonet, znělka, rým, rýma, verš, petrarka, sloka, poeta, báseň, dante",341,2207,2
2062,3,,"nit, len, příst, kolovrátek, cívka, přádlo, kužel, příze, nitka, vrčet",340,2208,2
2063,3,,"nymfa, faun, satyr, syrinx, čilimník, hélios, kentaur, flétna, jilm, helios",335,2203,2
2064,3,,"koníček, koník, vraný, podkova, šavlička, osedlaný, kůň, vraník, ostruha, jet",323,2215,2
2065,3,,"caesar, cirk, aren, nero, barbar, césar, neron, kapitol, cirkus, aréna",319,2224,2
2066,3,,"výhra, prohrát, karta, vyhrát, hráč, sázka, prohra, šach, kostka, bulka",309,2205,2
2067,3,,"polák, polský, maďar, maďarský, uhersko, srb, uherský, varšava, rus, polsko",289,2220,2
2068,3,,"kovadlina, perlík, kovář, kladivo, kovárna, železo, bušit, kovat, výheň, měch",285,2222,2
2069,3,,"úlek, rmut, zádava, úděs, úsluha, pocel, výtka, hniloba, poklekat, jáhen",284,2221,2
2070,3,,"ataman, kozák, síč, step, kozácký, ukrajina, dněpr, junák, turek, kyjev",276,2220,2
2071,3,,"basa, klarinet, housle, cimbál, smyčec, muzika, bas, šumař, hudec, nota",274,2218,2
2072,3,,"cikán, cikánka, magnát, cikánský, krčmářka, cimbál, přijechat, šuhaj, husle, chasa",270,2220,2
2073,3,,"ježíšek, jesličky, betlém, jesle, jezulátko, herodes, oslátko, děťátko, vánoční, vánoce",268,2221,2
2074,3,,"jablíčko, jablko, jeníček, jabloňka, stromeček, oříšek, hubička, stromek, babička, janeček",264,2215,2
2075,3,,"saul, izraelský, samuel, mojžíš, faraon, david, faraón, egypťan, nil, jahve",262,2224,2
2076,3,,"znělka, petrarka, laura, sonet, rým, rýma, verš, musa, mizina, opěvat",259,2207,2
2077,3,,"laguna, gondola, benátky, signorina, kanál, loďka, lido, kráska, člun, mramorový",246,2210,2
2078,3,,"češka, vlastenský, božena, libuše, líba, čech, pleť, pěstovat, vlast, děva",242,2207,2
2079,3,,"kukat, žežulka, kukačka, zakukat, žežhulka, drozd, pukat, fialka, buk, luka",241,2219,2
2080,3,,"ha, bula, hala, lomikar, dědek, čertí, chám, máma, sou, rebel",237,2225,2
2081,3,,"klávesa, klavír, piano, akord, tón, melodie, tonus, chopin, prasklý, smyčec",236,2218,2
2082,3,,"cid, maur, rodrigo, valencie, jimena, alfons, maurský, sancho, alfonso, zamora",232,2220,2
2083,3,,"ocún, luka, jeseň, podzim, podzimní, listí, zvadnout, sychravý, chladný, strniště",231,2208,2
2084,3,,"pozůstávat, ženstvo, vnadit, faust, podniknutí, skvělost, vězet, jevit, sličnost, faustus",231,2201,2
2085,3,,"astra, jeseň, podzim, podzimní, uvadlý, babí, listí, záhon, léto, akacie",228,2208,2
2086,3,,"slovák, maďar, slovač, slovenský, maďarský, tatranský, slovensko, tatry, kriváň, tatra",221,2220,2
2087,3,,"mleč, mlynář, mlýn, stárek, mlejnice, krajánek, mlít, mlynářka, stavidlo, mlýnice",221,2230,2
2088,3,,"michna, šlik, kacířský, cizák, chám, žoldák, bavor, hanuš, zikmund, bavorák",220,2224,2
2089,3,,"viola, tón, symfonie, cello, hudba, housle, struna, doprovod, šepot, ave",212,2218,2
2090,3,,"dědeček, babička, vnouček, babiččin, povídat, stařenka, vnučka, staroušek, dědoušek, vnouče",211,2229,2
2091,3,,"ouzkost, sladivý, zvětřený, ukrutenství, šálivý, nebezpečenství, rozkošnost, outlý, nevinnost, lahodivý",209,2201,2
2092,3,,"ovečka, ovce, pastýř, pastva, stádce, stádo, květena, pást, jehně, salaš",207,2221,2
2093,3,,"dagmar, skvoucí, třáseň, zdoba, zžíhat, vzdušný, třepetavý, spousta, kadeř, řasa",204,2204,2
2094,3,,"dudák, dudy, dudat, zadudat, švanda, měch, zahrát, skočná, chasa, muzika",204,2218,2
2095,3,,"zikmund, zúpět, zikmundův, králův, zlítit, pluviál, legát, viz, kostnický, král",194,2224,2
2096,3,,"švec, krejčí, bota, ušít, krejčík, střevíc, sklenář, šít, řemeslo, poplést",192,2213,2
2097,3,,"zasmušilý, čarovábný, zimný, klenba, clona, táborský, šerý, bájný, arkáda, řasný",185,2204,2
2098,3,,"archa, noemův, noe, arch, holubice, potopa, úmluva, ratolístka, koráb, penzista",181,2221,2
2099,3,,"mína, milko, mílek, jinoch, kárat, zpěvec, úsměch, třesoucí, rákos, apollo",168,2211,2
2100,3,,"honza, honzík, kabela, máma, pec, buchta, vrchní, janek, sedlák, rychtář",160,2220,2
2101,3,,"svatopluk, velehrad, moravan, morava, slavský, vrahův, slovanský, mojmír, bořivoj, metoda",160,2220,2
2102,3,,"hostýn, moravan, morava, moravský, tatarský, moravěnka, tatar, velehrad, tatra, modlící",139,2220,2
2103,3,,"ctnostný, ctný, ctnost, přemilý, nábožnost, přirození, sprostnost, múza, utěšený, žádost",136,2201,2
2104,3,,"karafiát, povídačka, růže, kráska, proslov, konvalinka, fialinka, rozkvítat, kvítí, zvadnout",129,2226,2
2105,3,,"cnost, vlast, musa, sláva, slovanský, šlechetný, jež, mrav, oslavit, oslava",118,2217,2
2106,3,,"karel, roland, olivier, zvolat, garin, dojmutý, nicoletta, turpin, alda, bazin",90,2224,2
2201,4,,"ctnost, bližní, rozum, kryst, činit, nepravost, skutek, mrav, zachovat, podvod",2453,NULL,NULL
2202,4,,"mystický, tajemný, tajemství, viditelný, závrať, bytost, vášnivý, mlčení, záhadný, vegetace",2446,NULL,NULL
2203,4,,"zářný, azur, hvězdný, nymfa, změť, kentaur, lotos, báje, eden, plát",2087,NULL,NULL
2204,4,,"národ, volnost, dějiny, heslo, prapor, český, vítězství, čin, vlast, boj",2080,NULL,NULL
2205,4,,"politika, nutný, politik, ministr, republika, parlament, vídeň, věc, poslanec, politický",2061,NULL,NULL
2206,4,,"poznání, hmota, bytí, dobro, věčno, podstata, cíl, maska, vývoj, kosmos",2037,NULL,NULL
2207,4,,"verš, kritik, autor, napsat, báseň, psát, kritika, čtenář, román, publikum",1970,NULL,NULL
2208,4,,"jeseň, podzim, vzpomínka, listí, podzimní, jaro, mládí, zima, chlad, smutek",1904,NULL,NULL
2209,4,,"vzpomínka, zapomnění, odříkání, touha, beznaděj, sen, smutek, teskný, zašlý, vzpomínat",1861,NULL,NULL
2210,4,,"loď, člun, vlna, břeh, plout, plachta, plavec, loďka, stožár, moře",1838,NULL,NULL
2211,4,,"blahý, slast, milostný, vroucí, blahost, libý, bláha, nebeský, jež, blaho",1798,NULL,NULL
2212,4,,"jmeniny, přání, vděčnost, blažit, vděčný, zachovat, toba, požehnání, péče, přát",1783,NULL,NULL
2213,4,,"čert, huba, krk, kapsa, kousek, chudák, dělat, husa, holka, nos",1777,NULL,NULL
2214,4,,"topol, podzimní, mlha, pěšina, obzor, žlutý, ticho, vzduch, mha, alej",1761,NULL,NULL
2215,4,,"matička, srdéčko, panenka, hubička, očko, hvězdička, slunéčko, komůrka, tatíček, postýlka",1759,NULL,NULL
2216,4,,"poupě, růže, růž, květ, ňadro, pel, vesna, zkvést, vonný, jaro",1746,NULL,NULL
2217,4,,"háj, ňádro, vlnka, jinoch, kvítko, slavík, kvítek, potůček, větřík, milostný",1724,NULL,NULL
2218,4,,"tón, hudba, zvuk, melodie, teskný, struna, tonus, znít, housle, nápěv",1719,NULL,NULL
2219,4,,"drozd, ptačí, mlází, kyprý, buk, vřes, hnízdo, horský, sněť, luh",1714,NULL,NULL
2220,4,,"maďar, vrah, chrabrý, voj, vůdce, meč, seč, udatný, statný, slovák",1710,NULL,NULL
2221,4,,"ježíš, kristus, golgota, kristův, spasitel, modlitba, kříž, páně, anděl, matek",1702,NULL,NULL
2222,4,,"kladivo, šachta, kov, kopat, kost, továrna, hřeb, železo, horník, lebka",1622,NULL,NULL
2223,4,,"motýl, mech, haluz, hloh, vřes, rosný, buk, sněť, větev, bříza",1561,NULL,NULL
2224,4,,"řím, římský, papež, caesar, králův, král, císař, barbar, zikmund, sluha",1483,NULL,NULL
2225,4,,"dělat, čert, chudák, huba, nos, holka, koukat, kapsa, dostat, počkat",1464,NULL,NULL
2226,4,,"kvítek, růžička, kvítko, srdéčko, kvítí, růže, věneček, květinka, očko, poupě",1450,NULL,NULL
2227,4,,"klas, klasa, lán, obilí, chrpa, žeň, žnec, stodola, pluh, brázda",1434,NULL,NULL
2228,4,,"vlak, ulice, chodník, dlažba, nádraží, okno, kolejnice, svítilna, chodec, petřín",1382,NULL,NULL
2229,4,,"závěj, sníh, zimní, zima, vánoční, mráz, jíní, kamna, stromek, sněhový",1227,NULL,NULL
2230,4,,"víno, pivo, pít, sklenka, mok, sklenice, sud, vypít, pohár, nalít",1222,NULL,NULL
